AssayId,BlockId,Size,RowSid,RowName,RowTarget,ColSid,ColName,ColTarget,RowIC50,ColIC50,RowConcs,ColConcs,RowConcUnit,ColConcUnit
9052,1,10,NCGC00167491-04,"Lenalidomide","TNF-alpha Production Inhibitor",NCGC00351604-01,"EPZ-005687","EZH2 Inhibitor",115.30878,22.695639,"20.0,10.0,5.0,2.5,1.25,0.625,0.3125,0.15625,0.078125,0.0","20.0,10.0,5.0,2.5,1.25,0.625,0.3125,0.15625,0.078125,0.0",uM,uM
9052,2,10,NCGC00167491-04,"Lenalidomide","TNF-alpha Production Inhibitor",NCGC00484808-01,"CPI-703","CBP/p300 Inhibitor",3.795514,32.453594,"20.0,10.0,5.0,2.5,1.25,0.625,0.3125,0.15625,0.078125,0.0","20.0,10.0,5.0,2.5,1.25,0.625,0.3125,0.15625,0.078125,0.0",uM,uM
9052,3,10,NCGC00167491-04,"Lenalidomide","TNF-alpha Production Inhibitor",NCGC00390655-01,"PTC-691","Polycomb Complex Protein BMI-1 Inhibitor",2.403846,0.246331,"20.0,10.0,5.0,2.5,1.25,0.625,0.3125,0.15625,0.078125,0.0","2.0,1.0,0.5,0.25,0.125,0.0625,0.03125,0.015625,0.007812400000000001,0.0",uM,uM
9052,4,10,NCGC00167491-04,"Lenalidomide","TNF-alpha Production Inhibitor",UNC4976,"UNC4976","Unknown",131.32843,0.0,"20.0,10.0,5.0,2.5,1.25,0.625,0.3125,0.15625,0.078125,0.0","20.0,10.0,5.0,2.5,1.25,0.625,0.3125,0.15625,0.078125,0.0",uM,uM
9052,5,10,NCGC00167491-04,"Lenalidomide","TNF-alpha Production Inhibitor",NCGC00507938-02,"EED-226","Polycomb protein EED (PRC2/EED-EZH2 non-catalytic subunit) Inhibitor",0.486909,11.289622,"20.0,10.0,5.0,2.5,1.25,0.625,0.3125,0.15625,0.078125,0.0","20.0,10.0,5.0,2.5,1.25,0.625,0.3125,0.15625,0.078125,0.0",uM,uM
9052,6,10,NCGC00167491-04,"Lenalidomide","TNF-alpha Production Inhibitor",NCGC00025060-09,"Methotrexate","Dihydrofolate Reductase (DHFR) Inhibitor",0.119538,0.0,"20.0,10.0,5.0,2.5,1.25,0.625,0.3125,0.15625,0.078125,0.0","20.0,10.0,5.0,2.5,1.25,0.625,0.3125,0.15625,0.078125,0.0",uM,uM
9052,7,10,NCGC00167491-04,"Lenalidomide","TNF-alpha Production Inhibitor",NCGC00386436-03,"EPZ-015666","PRMT5 Inhibitor",0.0,1.209394,"20.0,10.0,5.0,2.5,1.25,0.625,0.3125,0.15625,0.078125,0.0","20.0,10.0,5.0,2.5,1.25,0.625,0.3125,0.15625,0.078125,0.0",uM,uM
9052,8,10,NCGC00167491-04,"Lenalidomide","TNF-alpha Production Inhibitor",NCGC00344622-08,"SGC-0946","DOT1L Inhibitor",0.945565,82.28486,"20.0,10.0,5.0,2.5,1.25,0.625,0.3125,0.15625,0.078125,0.0","20.0,10.0,5.0,2.5,1.25,0.625,0.3125,0.15625,0.078125,0.0",uM,uM
9052,9,10,NCGC00167491-04,"Lenalidomide","TNF-alpha Production Inhibitor",NCGC00250412-18,"JQ1","Brd4 Inhibitor",27.956356,0.513386,"20.0,10.0,5.0,2.5,1.25,0.625,0.3125,0.15625,0.078125,0.0","2.0,1.0,0.5,0.25,0.125,0.0625,0.03125,0.015625,0.007812400000000001,0.0",uM,uM
9052,10,10,NCGC00167491-04,"Lenalidomide","TNF-alpha Production Inhibitor",NCGC00496795-01,"485 Analogue","Unknown",67.11567,0.672383,"20.0,10.0,5.0,2.5,1.25,0.625,0.3125,0.15625,0.078125,0.0","20.0,10.0,5.0,2.5,1.25,0.625,0.3125,0.15625,0.078125,0.0",uM,uM
9052,11,10,NCGC00167491-04,"Lenalidomide","TNF-alpha Production Inhibitor",NCGC00090851-14,"5-Azacitidine","DNA Methyltransferase (DNMT) Inhibitor",8.285103,15.104692,"20.0,10.0,5.0,2.5,1.25,0.625,0.3125,0.15625,0.078125,0.0","20.0,10.0,5.0,2.5,1.25,0.625,0.3125,0.15625,0.078125,0.0",uM,uM
9052,12,10,NCGC00167491-04,"Lenalidomide","TNF-alpha Production Inhibitor",NCGC00390645-01,"CPI-360","EZH2 Inhibitor",1.712565,0.0,"20.0,10.0,5.0,2.5,1.25,0.625,0.3125,0.15625,0.078125,0.0","20.0,10.0,5.0,2.5,1.25,0.625,0.3125,0.15625,0.078125,0.0",uM,uM
9052,13,10,NCGC00167491-04,"Lenalidomide","TNF-alpha Production Inhibitor",NCGC00480828-02,"ORY-1001","Lysine-Specific Histone Demethylase 1A (KDM1A; LSD1) Inhibitor",4.582825,-9999.0,"20.0,10.0,5.0,2.5,1.25,0.625,0.3125,0.15625,0.078125,0.0","20.0,10.0,5.0,2.5,1.25,0.625,0.3125,0.15625,0.078125,0.0",uM,uM
9052,14,10,NCGC00167491-04,"Lenalidomide","TNF-alpha Production Inhibitor",NCGC00389771-01,"3-Deazaneplanocin A (DZNep) hydrochloride","Unknown",6.724449,1.641427,"20.0,10.0,5.0,2.5,1.25,0.625,0.3125,0.15625,0.078125,0.0","20.0,10.0,5.0,2.5,1.25,0.625,0.3125,0.15625,0.078125,0.0",uM,uM
9052,15,10,NCGC00167491-04,"Lenalidomide","TNF-alpha Production Inhibitor",NCGC00351477-01,"UNC-1999","EZH1 Inhibitor",72.8655,14.307619,"20.0,10.0,5.0,2.5,1.25,0.625,0.3125,0.15625,0.078125,0.0","20.0,10.0,5.0,2.5,1.25,0.625,0.3125,0.15625,0.078125,0.0",uM,uM
9052,16,10,NCGC00167491-04,"Lenalidomide","TNF-alpha Production Inhibitor",NCGC00381562-02,"Tazemetostat","EZH2 Inhibitor",-9999.0,0.0,"20.0,10.0,5.0,2.5,1.25,0.625,0.3125,0.15625,0.078125,0.0","20.0,10.0,5.0,2.5,1.25,0.625,0.3125,0.15625,0.078125,0.0",uM,uM
9052,17,10,NCGC00167491-04,"Lenalidomide","TNF-alpha Production Inhibitor",NCGC00168784-02,"Gemcitabine","Ribonucleotide reductase Inhibitor",0.120839,0.027394,"20.0,10.0,5.0,2.5,1.25,0.625,0.3125,0.15625,0.078125,0.0","1.0,0.5,0.25,0.125,0.0625,0.03125,0.015625,0.007812400000000001,0.0039062000000000003,0.0",uM,uM
9052,18,10,NCGC00167491-04,"Lenalidomide","TNF-alpha Production Inhibitor",NCGC00351597-16,"EPZ-5676","DOT1L Inhibitor",0.496357,0.0,"20.0,10.0,5.0,2.5,1.25,0.625,0.3125,0.15625,0.078125,0.0","20.0,10.0,5.0,2.5,1.25,0.625,0.3125,0.15625,0.078125,0.0",uM,uM
9052,19,10,UNC4976,"UNC4976","Unknown",NCGC00163700-03,"Vincristine sulfate","Tubulin polymerization Inhibitor",0.122406,0.044616,"20.0,10.0,5.0,2.5,1.25,0.625,0.3125,0.15625,0.078125,0.0","2.0,1.0,0.5,0.25,0.125,0.0625,0.03125,0.015625,0.007812400000000001,0.0",uM,uM
9052,20,10,UNC4976,"UNC4976","Unknown",NCGC00346505-01,"Epothilone A","Tubulin depolymerization Inhibitor",3.83E-4,0.006504,"20.0,10.0,5.0,2.5,1.25,0.625,0.3125,0.15625,0.078125,0.0","0.025,0.0125,0.00625,0.003125,0.0015624000000000002,7.812000000000001E-4,3.9060000000000006E-4,1.954E-4,9.760000000000001E-5,0.0",uM,uM
9052,21,10,UNC4976,"UNC4976","Unknown",NCGC00263098-03,"Combretastatin A-4","Tubulin polymerization Inhibitor",-9999.0,0.028327,"20.0,10.0,5.0,2.5,1.25,0.625,0.3125,0.15625,0.078125,0.0","0.010000000000000002,0.005000000000000001,0.0025000000000000005,0.0012500000000000002,6.250000000000001E-4,3.124E-4,1.562E-4,7.82E-5,3.9E-5,0.0",uM,uM
9052,23,10,NCGC00507938-02,"EED-226","Polycomb protein EED (PRC2/EED-EZH2 non-catalytic subunit) Inhibitor",NCGC00163700-03,"Vincristine sulfate","Tubulin polymerization Inhibitor",13.285462,0.039826,"20.0,10.0,5.0,2.5,1.25,0.625,0.3125,0.15625,0.078125,0.0","2.0,1.0,0.5,0.25,0.125,0.0625,0.03125,0.015625,0.007812400000000001,0.0",uM,uM
9052,24,10,NCGC00507938-02,"EED-226","Polycomb protein EED (PRC2/EED-EZH2 non-catalytic subunit) Inhibitor",NCGC00346505-01,"Epothilone A","Tubulin depolymerization Inhibitor",-9999.0,0.006084,"20.0,10.0,5.0,2.5,1.25,0.625,0.3125,0.15625,0.078125,0.0","0.025,0.0125,0.00625,0.003125,0.0015624000000000002,7.812000000000001E-4,3.9060000000000006E-4,1.954E-4,9.760000000000001E-5,0.0",uM,uM
9052,25,10,NCGC00507938-02,"EED-226","Polycomb protein EED (PRC2/EED-EZH2 non-catalytic subunit) Inhibitor",NCGC00263098-03,"Combretastatin A-4","Tubulin polymerization Inhibitor",3.601002,0.010002,"20.0,10.0,5.0,2.5,1.25,0.625,0.3125,0.15625,0.078125,0.0","0.010000000000000002,0.005000000000000001,0.0025000000000000005,0.0012500000000000002,6.250000000000001E-4,3.124E-4,1.562E-4,7.82E-5,3.9E-5,0.0",uM,uM
9052,26,10,NCGC00351604-01,"EPZ-005687","EZH2 Inhibitor",NCGC00163700-03,"Vincristine sulfate","Tubulin polymerization Inhibitor",10.211214,0.053324,"20.0,10.0,5.0,2.5,1.25,0.625,0.3125,0.15625,0.078125,0.0","2.0,1.0,0.5,0.25,0.125,0.0625,0.03125,0.015625,0.007812400000000001,0.0",uM,uM
9052,27,10,NCGC00351604-01,"EPZ-005687","EZH2 Inhibitor",NCGC00346505-01,"Epothilone A","Tubulin depolymerization Inhibitor",37.329113,0.006645,"20.0,10.0,5.0,2.5,1.25,0.625,0.3125,0.15625,0.078125,0.0","0.025,0.0125,0.00625,0.003125,0.0015624000000000002,7.812000000000001E-4,3.9060000000000006E-4,1.954E-4,9.760000000000001E-5,0.0",uM,uM
9052,28,10,NCGC00351604-01,"EPZ-005687","EZH2 Inhibitor",NCGC00263098-03,"Combretastatin A-4","Tubulin polymerization Inhibitor",43.739437,0.003394,"20.0,10.0,5.0,2.5,1.25,0.625,0.3125,0.15625,0.078125,0.0","0.010000000000000002,0.005000000000000001,0.0025000000000000005,0.0012500000000000002,6.250000000000001E-4,3.124E-4,1.562E-4,7.82E-5,3.9E-5,0.0",uM,uM
9052,29,10,NCGC00480828-02,"ORY-1001","Lysine-Specific Histone Demethylase 1A (KDM1A; LSD1) Inhibitor",NCGC00025060-09,"Methotrexate","Dihydrofolate Reductase (DHFR) Inhibitor",0.49387,68933.49,"20.0,10.0,5.0,2.5,1.25,0.625,0.3125,0.15625,0.078125,0.0","20.0,10.0,5.0,2.5,1.25,0.625,0.3125,0.15625,0.078125,0.0",uM,uM
9052,30,10,NCGC00345789-12,"Venetoclax (ABT-199)","Bcl-2 Inhibitor",NCGC00025060-09,"Methotrexate","Dihydrofolate Reductase (DHFR) Inhibitor",0.092043,0.459755,"2.0,1.0,0.5,0.25,0.125,0.0625,0.03125,0.015625,0.007812400000000001,0.0","20.0,10.0,5.0,2.5,1.25,0.625,0.3125,0.15625,0.078125,0.0",uM,uM
9052,31,10,NCGC00345789-12,"Venetoclax (ABT-199)","Bcl-2 Inhibitor",UNC4976,"UNC4976","Unknown",0.076369,6.252792,"2.0,1.0,0.5,0.25,0.125,0.0625,0.03125,0.015625,0.007812400000000001,0.0","20.0,10.0,5.0,2.5,1.25,0.625,0.3125,0.15625,0.078125,0.0",uM,uM
9052,32,10,NCGC00345789-12,"Venetoclax (ABT-199)","Bcl-2 Inhibitor",NCGC00351604-01,"EPZ-005687","EZH2 Inhibitor",0.053416,17.277985,"2.0,1.0,0.5,0.25,0.125,0.0625,0.03125,0.015625,0.007812400000000001,0.0","20.0,10.0,5.0,2.5,1.25,0.625,0.3125,0.15625,0.078125,0.0",uM,uM
9052,33,10,NCGC00345789-12,"Venetoclax (ABT-199)","Bcl-2 Inhibitor",NCGC00386436-03,"EPZ-015666","PRMT5 Inhibitor",0.122326,1.753594,"2.0,1.0,0.5,0.25,0.125,0.0625,0.03125,0.015625,0.007812400000000001,0.0","20.0,10.0,5.0,2.5,1.25,0.625,0.3125,0.15625,0.078125,0.0",uM,uM
9052,34,10,NCGC00345789-12,"Venetoclax (ABT-199)","Bcl-2 Inhibitor",NCGC00480828-02,"ORY-1001","Lysine-Specific Histone Demethylase 1A (KDM1A; LSD1) Inhibitor",0.13423,0.0,"2.0,1.0,0.5,0.25,0.125,0.0625,0.03125,0.015625,0.007812400000000001,0.0","20.0,10.0,5.0,2.5,1.25,0.625,0.3125,0.15625,0.078125,0.0",uM,uM
9052,35,10,NCGC00345789-12,"Venetoclax (ABT-199)","Bcl-2 Inhibitor",NCGC00389771-01,"3-Deazaneplanocin A (DZNep) hydrochloride","Unknown",0.101719,0.492896,"2.0,1.0,0.5,0.25,0.125,0.0625,0.03125,0.015625,0.007812400000000001,0.0","20.0,10.0,5.0,2.5,1.25,0.625,0.3125,0.15625,0.078125,0.0",uM,uM
9052,36,10,NCGC00345789-12,"Venetoclax (ABT-199)","Bcl-2 Inhibitor",NCGC00507938-02,"EED-226","Polycomb protein EED (PRC2/EED-EZH2 non-catalytic subunit) Inhibitor",0.083032,0.480582,"2.0,1.0,0.5,0.25,0.125,0.0625,0.03125,0.015625,0.007812400000000001,0.0","20.0,10.0,5.0,2.5,1.25,0.625,0.3125,0.15625,0.078125,0.0",uM,uM
9052,37,10,NCGC00345789-12,"Venetoclax (ABT-199)","Bcl-2 Inhibitor",NCGC00496795-01,"485 Analogue","Unknown",0.057022,0.958572,"2.0,1.0,0.5,0.25,0.125,0.0625,0.03125,0.015625,0.007812400000000001,0.0","20.0,10.0,5.0,2.5,1.25,0.625,0.3125,0.15625,0.078125,0.0",uM,uM
9052,38,10,NCGC00345789-12,"Venetoclax (ABT-199)","Bcl-2 Inhibitor",NCGC00090851-14,"5-Azacitidine","DNA Methyltransferase (DNMT) Inhibitor",0.062469,10.696812,"2.0,1.0,0.5,0.25,0.125,0.0625,0.03125,0.015625,0.007812400000000001,0.0","20.0,10.0,5.0,2.5,1.25,0.625,0.3125,0.15625,0.078125,0.0",uM,uM
9052,39,10,NCGC00345789-12,"Venetoclax (ABT-199)","Bcl-2 Inhibitor",NCGC00484808-01,"CPI-703","CBP/p300 Inhibitor",0.060968,0.0,"2.0,1.0,0.5,0.25,0.125,0.0625,0.03125,0.015625,0.007812400000000001,0.0","20.0,10.0,5.0,2.5,1.25,0.625,0.3125,0.15625,0.078125,0.0",uM,uM
9052,40,10,NCGC00345789-12,"Venetoclax (ABT-199)","Bcl-2 Inhibitor",NCGC00351477-01,"UNC-1999","EZH1 Inhibitor",0.07785,17.276382,"2.0,1.0,0.5,0.25,0.125,0.0625,0.03125,0.015625,0.007812400000000001,0.0","20.0,10.0,5.0,2.5,1.25,0.625,0.3125,0.15625,0.078125,0.0",uM,uM
9052,41,10,NCGC00345789-12,"Venetoclax (ABT-199)","Bcl-2 Inhibitor",NCGC00381562-02,"Tazemetostat","EZH2 Inhibitor",0.074717,-9999.0,"2.0,1.0,0.5,0.25,0.125,0.0625,0.03125,0.015625,0.007812400000000001,0.0","20.0,10.0,5.0,2.5,1.25,0.625,0.3125,0.15625,0.078125,0.0",uM,uM
9052,42,10,NCGC00345789-12,"Venetoclax (ABT-199)","Bcl-2 Inhibitor",NCGC00390655-01,"PTC-691","Polycomb Complex Protein BMI-1 Inhibitor",0.052894,0.189975,"2.0,1.0,0.5,0.25,0.125,0.0625,0.03125,0.015625,0.007812400000000001,0.0","2.0,1.0,0.5,0.25,0.125,0.0625,0.03125,0.015625,0.007812400000000001,0.0",uM,uM
9052,43,10,NCGC00345789-12,"Venetoclax (ABT-199)","Bcl-2 Inhibitor",NCGC00168784-02,"Gemcitabine","Ribonucleotide reductase Inhibitor",0.094259,0.028369,"2.0,1.0,0.5,0.25,0.125,0.0625,0.03125,0.015625,0.007812400000000001,0.0","1.0,0.5,0.25,0.125,0.0625,0.03125,0.015625,0.007812400000000001,0.0039062000000000003,0.0",uM,uM
9052,45,10,NCGC00345789-12,"Venetoclax (ABT-199)","Bcl-2 Inhibitor",NCGC00390645-01,"CPI-360","EZH2 Inhibitor",0.092726,107.24677,"2.0,1.0,0.5,0.25,0.125,0.0625,0.03125,0.015625,0.007812400000000001,0.0","20.0,10.0,5.0,2.5,1.25,0.625,0.3125,0.15625,0.078125,0.0",uM,uM
9052,46,10,NCGC00345789-12,"Venetoclax (ABT-199)","Bcl-2 Inhibitor",NCGC00344622-08,"SGC-0946","DOT1L Inhibitor",0.092637,11.115047,"2.0,1.0,0.5,0.25,0.125,0.0625,0.03125,0.015625,0.007812400000000001,0.0","20.0,10.0,5.0,2.5,1.25,0.625,0.3125,0.15625,0.078125,0.0",uM,uM
9052,47,10,NCGC00345789-12,"Venetoclax (ABT-199)","Bcl-2 Inhibitor",NCGC00351597-16,"EPZ-5676","DOT1L Inhibitor",0.113269,0.0,"2.0,1.0,0.5,0.25,0.125,0.0625,0.03125,0.015625,0.007812400000000001,0.0","20.0,10.0,5.0,2.5,1.25,0.625,0.3125,0.15625,0.078125,0.0",uM,uM
9052,48,10,NCGC00345789-12,"Venetoclax (ABT-199)","Bcl-2 Inhibitor",NCGC00250412-18,"JQ1","Brd4 Inhibitor",0.098651,0.478234,"2.0,1.0,0.5,0.25,0.125,0.0625,0.03125,0.015625,0.007812400000000001,0.0","2.0,1.0,0.5,0.25,0.125,0.0625,0.03125,0.015625,0.007812400000000001,0.0",uM,uM
9052,49,10,NCGC00241102-09,"Midostaurin","PKC/flt3 Inhibitor",NCGC00025060-09,"Methotrexate","Dihydrofolate Reductase (DHFR) Inhibitor",0.659528,0.0,"2.0,1.0,0.5,0.25,0.125,0.0625,0.03125,0.015625,0.007812400000000001,0.0","20.0,10.0,5.0,2.5,1.25,0.625,0.3125,0.15625,0.078125,0.0",uM,uM
9052,50,10,NCGC00241102-09,"Midostaurin","PKC/flt3 Inhibitor",UNC4976,"UNC4976","Unknown",0.819416,0.0,"2.0,1.0,0.5,0.25,0.125,0.0625,0.03125,0.015625,0.007812400000000001,0.0","20.0,10.0,5.0,2.5,1.25,0.625,0.3125,0.15625,0.078125,0.0",uM,uM
9052,51,10,NCGC00241102-09,"Midostaurin","PKC/flt3 Inhibitor",NCGC00351604-01,"EPZ-005687","EZH2 Inhibitor",0.527259,21.864756,"2.0,1.0,0.5,0.25,0.125,0.0625,0.03125,0.015625,0.007812400000000001,0.0","20.0,10.0,5.0,2.5,1.25,0.625,0.3125,0.15625,0.078125,0.0",uM,uM
9052,52,10,NCGC00241102-09,"Midostaurin","PKC/flt3 Inhibitor",NCGC00386436-03,"EPZ-015666","PRMT5 Inhibitor",0.747712,0.0,"2.0,1.0,0.5,0.25,0.125,0.0625,0.03125,0.015625,0.007812400000000001,0.0","20.0,10.0,5.0,2.5,1.25,0.625,0.3125,0.15625,0.078125,0.0",uM,uM
9052,53,10,NCGC00241102-09,"Midostaurin","PKC/flt3 Inhibitor",NCGC00480828-02,"ORY-1001","Lysine-Specific Histone Demethylase 1A (KDM1A; LSD1) Inhibitor",0.654366,9.945912,"2.0,1.0,0.5,0.25,0.125,0.0625,0.03125,0.015625,0.007812400000000001,0.0","20.0,10.0,5.0,2.5,1.25,0.625,0.3125,0.15625,0.078125,0.0",uM,uM
9052,54,10,NCGC00241102-09,"Midostaurin","PKC/flt3 Inhibitor",NCGC00389771-01,"3-Deazaneplanocin A (DZNep) hydrochloride","Unknown",0.686411,0.731582,"2.0,1.0,0.5,0.25,0.125,0.0625,0.03125,0.015625,0.007812400000000001,0.0","20.0,10.0,5.0,2.5,1.25,0.625,0.3125,0.15625,0.078125,0.0",uM,uM
9052,55,10,NCGC00241102-09,"Midostaurin","PKC/flt3 Inhibitor",NCGC00507938-02,"EED-226","Polycomb protein EED (PRC2/EED-EZH2 non-catalytic subunit) Inhibitor",0.815546,1.862631,"2.0,1.0,0.5,0.25,0.125,0.0625,0.03125,0.015625,0.007812400000000001,0.0","20.0,10.0,5.0,2.5,1.25,0.625,0.3125,0.15625,0.078125,0.0",uM,uM
9052,56,10,NCGC00241102-09,"Midostaurin","PKC/flt3 Inhibitor",NCGC00496795-01,"485 Analogue","Unknown",0.458476,0.824402,"2.0,1.0,0.5,0.25,0.125,0.0625,0.03125,0.015625,0.007812400000000001,0.0","20.0,10.0,5.0,2.5,1.25,0.625,0.3125,0.15625,0.078125,0.0",uM,uM
9052,57,10,NCGC00241102-09,"Midostaurin","PKC/flt3 Inhibitor",NCGC00090851-14,"5-Azacitidine","DNA Methyltransferase (DNMT) Inhibitor",0.592044,7.483563,"2.0,1.0,0.5,0.25,0.125,0.0625,0.03125,0.015625,0.007812400000000001,0.0","20.0,10.0,5.0,2.5,1.25,0.625,0.3125,0.15625,0.078125,0.0",uM,uM
9052,58,10,NCGC00241102-09,"Midostaurin","PKC/flt3 Inhibitor",NCGC00484808-01,"CPI-703","CBP/p300 Inhibitor",0.487935,5.278103,"2.0,1.0,0.5,0.25,0.125,0.0625,0.03125,0.015625,0.007812400000000001,0.0","20.0,10.0,5.0,2.5,1.25,0.625,0.3125,0.15625,0.078125,0.0",uM,uM
9052,59,10,NCGC00241102-09,"Midostaurin","PKC/flt3 Inhibitor",NCGC00351477-01,"UNC-1999","EZH1 Inhibitor",0.594482,12.443081,"2.0,1.0,0.5,0.25,0.125,0.0625,0.03125,0.015625,0.007812400000000001,0.0","20.0,10.0,5.0,2.5,1.25,0.625,0.3125,0.15625,0.078125,0.0",uM,uM
9052,60,10,NCGC00241102-09,"Midostaurin","PKC/flt3 Inhibitor",NCGC00381562-02,"Tazemetostat","EZH2 Inhibitor",0.554454,326.76105,"2.0,1.0,0.5,0.25,0.125,0.0625,0.03125,0.015625,0.007812400000000001,0.0","20.0,10.0,5.0,2.5,1.25,0.625,0.3125,0.15625,0.078125,0.0",uM,uM
9052,61,10,NCGC00241102-09,"Midostaurin","PKC/flt3 Inhibitor",NCGC00390655-01,"PTC-691","Polycomb Complex Protein BMI-1 Inhibitor",0.568792,0.248907,"2.0,1.0,0.5,0.25,0.125,0.0625,0.03125,0.015625,0.007812400000000001,0.0","2.0,1.0,0.5,0.25,0.125,0.0625,0.03125,0.015625,0.007812400000000001,0.0",uM,uM
9052,62,10,NCGC00241102-09,"Midostaurin","PKC/flt3 Inhibitor",NCGC00168784-02,"Gemcitabine","Ribonucleotide reductase Inhibitor",0.613733,0.031612,"2.0,1.0,0.5,0.25,0.125,0.0625,0.03125,0.015625,0.007812400000000001,0.0","1.0,0.5,0.25,0.125,0.0625,0.03125,0.015625,0.007812400000000001,0.0039062000000000003,0.0",uM,uM
9052,64,10,NCGC00241102-09,"Midostaurin","PKC/flt3 Inhibitor",NCGC00390645-01,"CPI-360","EZH2 Inhibitor",0.702371,0.0,"2.0,1.0,0.5,0.25,0.125,0.0625,0.03125,0.015625,0.007812400000000001,0.0","20.0,10.0,5.0,2.5,1.25,0.625,0.3125,0.15625,0.078125,0.0",uM,uM
9052,65,10,NCGC00241102-09,"Midostaurin","PKC/flt3 Inhibitor",NCGC00344622-08,"SGC-0946","DOT1L Inhibitor",0.82405,11.186924,"2.0,1.0,0.5,0.25,0.125,0.0625,0.03125,0.015625,0.007812400000000001,0.0","20.0,10.0,5.0,2.5,1.25,0.625,0.3125,0.15625,0.078125,0.0",uM,uM
9052,66,10,NCGC00241102-09,"Midostaurin","PKC/flt3 Inhibitor",NCGC00351597-16,"EPZ-5676","DOT1L Inhibitor",0.663611,7966.4463,"2.0,1.0,0.5,0.25,0.125,0.0625,0.03125,0.015625,0.007812400000000001,0.0","20.0,10.0,5.0,2.5,1.25,0.625,0.3125,0.15625,0.078125,0.0",uM,uM
9052,67,10,NCGC00241102-09,"Midostaurin","PKC/flt3 Inhibitor",NCGC00250412-18,"JQ1","Brd4 Inhibitor",0.557584,0.38456,"2.0,1.0,0.5,0.25,0.125,0.0625,0.03125,0.015625,0.007812400000000001,0.0","2.0,1.0,0.5,0.25,0.125,0.0625,0.03125,0.015625,0.007812400000000001,0.0",uM,uM
9052,68,10,NCGC00346656-03,"Dinaciclib (SCH727965)","CDK1/2/5/9 Inhibitor",NCGC00025060-09,"Methotrexate","Dihydrofolate Reductase (DHFR) Inhibitor",0.033038,0.0,"2.0,1.0,0.5,0.25,0.125,0.0625,0.03125,0.015625,0.007812400000000001,0.0","20.0,10.0,5.0,2.5,1.25,0.625,0.3125,0.15625,0.078125,0.0",uM,uM
9052,69,10,NCGC00346656-03,"Dinaciclib (SCH727965)","CDK1/2/5/9 Inhibitor",UNC4976,"UNC4976","Unknown",0.036289,0.126862,"2.0,1.0,0.5,0.25,0.125,0.0625,0.03125,0.015625,0.007812400000000001,0.0","20.0,10.0,5.0,2.5,1.25,0.625,0.3125,0.15625,0.078125,0.0",uM,uM
9052,70,10,NCGC00346656-03,"Dinaciclib (SCH727965)","CDK1/2/5/9 Inhibitor",NCGC00351604-01,"EPZ-005687","EZH2 Inhibitor",0.032221,10.787887,"2.0,1.0,0.5,0.25,0.125,0.0625,0.03125,0.015625,0.007812400000000001,0.0","20.0,10.0,5.0,2.5,1.25,0.625,0.3125,0.15625,0.078125,0.0",uM,uM
9052,71,10,NCGC00346656-03,"Dinaciclib (SCH727965)","CDK1/2/5/9 Inhibitor",NCGC00386436-03,"EPZ-015666","PRMT5 Inhibitor",0.03403,0.552371,"2.0,1.0,0.5,0.25,0.125,0.0625,0.03125,0.015625,0.007812400000000001,0.0","20.0,10.0,5.0,2.5,1.25,0.625,0.3125,0.15625,0.078125,0.0",uM,uM
9052,72,10,NCGC00346656-03,"Dinaciclib (SCH727965)","CDK1/2/5/9 Inhibitor",NCGC00480828-02,"ORY-1001","Lysine-Specific Histone Demethylase 1A (KDM1A; LSD1) Inhibitor",0.032233,1.083224,"2.0,1.0,0.5,0.25,0.125,0.0625,0.03125,0.015625,0.007812400000000001,0.0","20.0,10.0,5.0,2.5,1.25,0.625,0.3125,0.15625,0.078125,0.0",uM,uM
9052,73,10,NCGC00346656-03,"Dinaciclib (SCH727965)","CDK1/2/5/9 Inhibitor",NCGC00389771-01,"3-Deazaneplanocin A (DZNep) hydrochloride","Unknown",0.033152,1.443274,"2.0,1.0,0.5,0.25,0.125,0.0625,0.03125,0.015625,0.007812400000000001,0.0","20.0,10.0,5.0,2.5,1.25,0.625,0.3125,0.15625,0.078125,0.0",uM,uM
9052,74,10,NCGC00346656-03,"Dinaciclib (SCH727965)","CDK1/2/5/9 Inhibitor",NCGC00507938-02,"EED-226","Polycomb protein EED (PRC2/EED-EZH2 non-catalytic subunit) Inhibitor",0.035293,0.0,"2.0,1.0,0.5,0.25,0.125,0.0625,0.03125,0.015625,0.007812400000000001,0.0","20.0,10.0,5.0,2.5,1.25,0.625,0.3125,0.15625,0.078125,0.0",uM,uM
9052,75,10,NCGC00346656-03,"Dinaciclib (SCH727965)","CDK1/2/5/9 Inhibitor",NCGC00496795-01,"485 Analogue","Unknown",0.035732,0.88669,"2.0,1.0,0.5,0.25,0.125,0.0625,0.03125,0.015625,0.007812400000000001,0.0","20.0,10.0,5.0,2.5,1.25,0.625,0.3125,0.15625,0.078125,0.0",uM,uM
9052,76,10,NCGC00346656-03,"Dinaciclib (SCH727965)","CDK1/2/5/9 Inhibitor",NCGC00090851-14,"5-Azacitidine","DNA Methyltransferase (DNMT) Inhibitor",0.036764,9.956555,"2.0,1.0,0.5,0.25,0.125,0.0625,0.03125,0.015625,0.007812400000000001,0.0","20.0,10.0,5.0,2.5,1.25,0.625,0.3125,0.15625,0.078125,0.0",uM,uM
9052,77,10,NCGC00346656-03,"Dinaciclib (SCH727965)","CDK1/2/5/9 Inhibitor",NCGC00484808-01,"CPI-703","CBP/p300 Inhibitor",0.032361,2.410271,"2.0,1.0,0.5,0.25,0.125,0.0625,0.03125,0.015625,0.007812400000000001,0.0","20.0,10.0,5.0,2.5,1.25,0.625,0.3125,0.15625,0.078125,0.0",uM,uM
9052,78,10,NCGC00346656-03,"Dinaciclib (SCH727965)","CDK1/2/5/9 Inhibitor",NCGC00351477-01,"UNC-1999","EZH1 Inhibitor",0.031569,27.514894,"2.0,1.0,0.5,0.25,0.125,0.0625,0.03125,0.015625,0.007812400000000001,0.0","20.0,10.0,5.0,2.5,1.25,0.625,0.3125,0.15625,0.078125,0.0",uM,uM
9052,79,10,NCGC00346656-03,"Dinaciclib (SCH727965)","CDK1/2/5/9 Inhibitor",NCGC00381562-02,"Tazemetostat","EZH2 Inhibitor",0.032882,46.06668,"2.0,1.0,0.5,0.25,0.125,0.0625,0.03125,0.015625,0.007812400000000001,0.0","20.0,10.0,5.0,2.5,1.25,0.625,0.3125,0.15625,0.078125,0.0",uM,uM
9052,80,10,NCGC00346656-03,"Dinaciclib (SCH727965)","CDK1/2/5/9 Inhibitor",NCGC00390655-01,"PTC-691","Polycomb Complex Protein BMI-1 Inhibitor",0.032534,0.251932,"2.0,1.0,0.5,0.25,0.125,0.0625,0.03125,0.015625,0.007812400000000001,0.0","2.0,1.0,0.5,0.25,0.125,0.0625,0.03125,0.015625,0.007812400000000001,0.0",uM,uM
9052,81,10,NCGC00346656-03,"Dinaciclib (SCH727965)","CDK1/2/5/9 Inhibitor",NCGC00168784-02,"Gemcitabine","Ribonucleotide reductase Inhibitor",0.037725,0.030494,"2.0,1.0,0.5,0.25,0.125,0.0625,0.03125,0.015625,0.007812400000000001,0.0","1.0,0.5,0.25,0.125,0.0625,0.03125,0.015625,0.007812400000000001,0.0039062000000000003,0.0",uM,uM
9052,83,10,NCGC00346656-03,"Dinaciclib (SCH727965)","CDK1/2/5/9 Inhibitor",NCGC00390645-01,"CPI-360","EZH2 Inhibitor",0.03699,0.0,"2.0,1.0,0.5,0.25,0.125,0.0625,0.03125,0.015625,0.007812400000000001,0.0","20.0,10.0,5.0,2.5,1.25,0.625,0.3125,0.15625,0.078125,0.0",uM,uM
9052,84,10,NCGC00346656-03,"Dinaciclib (SCH727965)","CDK1/2/5/9 Inhibitor",NCGC00344622-08,"SGC-0946","DOT1L Inhibitor",0.033245,11.784253,"2.0,1.0,0.5,0.25,0.125,0.0625,0.03125,0.015625,0.007812400000000001,0.0","20.0,10.0,5.0,2.5,1.25,0.625,0.3125,0.15625,0.078125,0.0",uM,uM
9052,85,10,NCGC00346656-03,"Dinaciclib (SCH727965)","CDK1/2/5/9 Inhibitor",NCGC00351597-16,"EPZ-5676","DOT1L Inhibitor",0.034403,0.0,"2.0,1.0,0.5,0.25,0.125,0.0625,0.03125,0.015625,0.007812400000000001,0.0","20.0,10.0,5.0,2.5,1.25,0.625,0.3125,0.15625,0.078125,0.0",uM,uM
9052,86,10,NCGC00346656-03,"Dinaciclib (SCH727965)","CDK1/2/5/9 Inhibitor",NCGC00250412-18,"JQ1","Brd4 Inhibitor",0.038162,0.844255,"2.0,1.0,0.5,0.25,0.125,0.0625,0.03125,0.015625,0.007812400000000001,0.0","2.0,1.0,0.5,0.25,0.125,0.0625,0.03125,0.015625,0.007812400000000001,0.0",uM,uM
9052,87,10,NCGC00263117-17,"Panobinostat","HDAC Inhibitor",NCGC00025060-09,"Methotrexate","Dihydrofolate Reductase (DHFR) Inhibitor",0.031735,0.0,"2.0,1.0,0.5,0.25,0.125,0.0625,0.03125,0.015625,0.007812400000000001,0.0","20.0,10.0,5.0,2.5,1.25,0.625,0.3125,0.15625,0.078125,0.0",uM,uM
9052,88,10,NCGC00263117-17,"Panobinostat","HDAC Inhibitor",UNC4976,"UNC4976","Unknown",0.036773,3.54E-4,"2.0,1.0,0.5,0.25,0.125,0.0625,0.03125,0.015625,0.007812400000000001,0.0","20.0,10.0,5.0,2.5,1.25,0.625,0.3125,0.15625,0.078125,0.0",uM,uM
9052,89,10,NCGC00263117-17,"Panobinostat","HDAC Inhibitor",NCGC00351604-01,"EPZ-005687","EZH2 Inhibitor",0.032629,9.887928,"2.0,1.0,0.5,0.25,0.125,0.0625,0.03125,0.015625,0.007812400000000001,0.0","20.0,10.0,5.0,2.5,1.25,0.625,0.3125,0.15625,0.078125,0.0",uM,uM
9052,90,10,NCGC00263117-17,"Panobinostat","HDAC Inhibitor",NCGC00386436-03,"EPZ-015666","PRMT5 Inhibitor",0.033569,0.0,"2.0,1.0,0.5,0.25,0.125,0.0625,0.03125,0.015625,0.007812400000000001,0.0","20.0,10.0,5.0,2.5,1.25,0.625,0.3125,0.15625,0.078125,0.0",uM,uM
9052,91,10,NCGC00263117-17,"Panobinostat","HDAC Inhibitor",NCGC00480828-02,"ORY-1001","Lysine-Specific Histone Demethylase 1A (KDM1A; LSD1) Inhibitor",0.030255,0.0,"2.0,1.0,0.5,0.25,0.125,0.0625,0.03125,0.015625,0.007812400000000001,0.0","20.0,10.0,5.0,2.5,1.25,0.625,0.3125,0.15625,0.078125,0.0",uM,uM
9052,92,10,NCGC00263117-17,"Panobinostat","HDAC Inhibitor",NCGC00389771-01,"3-Deazaneplanocin A (DZNep) hydrochloride","Unknown",0.033639,0.9747,"2.0,1.0,0.5,0.25,0.125,0.0625,0.03125,0.015625,0.007812400000000001,0.0","20.0,10.0,5.0,2.5,1.25,0.625,0.3125,0.15625,0.078125,0.0",uM,uM
9052,93,10,NCGC00263117-17,"Panobinostat","HDAC Inhibitor",NCGC00507938-02,"EED-226","Polycomb protein EED (PRC2/EED-EZH2 non-catalytic subunit) Inhibitor",0.039296,0.191751,"2.0,1.0,0.5,0.25,0.125,0.0625,0.03125,0.015625,0.007812400000000001,0.0","20.0,10.0,5.0,2.5,1.25,0.625,0.3125,0.15625,0.078125,0.0",uM,uM
9052,94,10,NCGC00263117-17,"Panobinostat","HDAC Inhibitor",NCGC00496795-01,"485 Analogue","Unknown",0.037244,0.567547,"2.0,1.0,0.5,0.25,0.125,0.0625,0.03125,0.015625,0.007812400000000001,0.0","20.0,10.0,5.0,2.5,1.25,0.625,0.3125,0.15625,0.078125,0.0",uM,uM
9052,95,10,NCGC00263117-17,"Panobinostat","HDAC Inhibitor",NCGC00090851-14,"5-Azacitidine","DNA Methyltransferase (DNMT) Inhibitor",0.040351,7.315975,"2.0,1.0,0.5,0.25,0.125,0.0625,0.03125,0.015625,0.007812400000000001,0.0","20.0,10.0,5.0,2.5,1.25,0.625,0.3125,0.15625,0.078125,0.0",uM,uM
9052,96,10,NCGC00263117-17,"Panobinostat","HDAC Inhibitor",NCGC00484808-01,"CPI-703","CBP/p300 Inhibitor",0.034272,4.791074,"2.0,1.0,0.5,0.25,0.125,0.0625,0.03125,0.015625,0.007812400000000001,0.0","20.0,10.0,5.0,2.5,1.25,0.625,0.3125,0.15625,0.078125,0.0",uM,uM
9052,97,10,NCGC00263117-17,"Panobinostat","HDAC Inhibitor",NCGC00351477-01,"UNC-1999","EZH1 Inhibitor",0.035211,14.506538,"2.0,1.0,0.5,0.25,0.125,0.0625,0.03125,0.015625,0.007812400000000001,0.0","20.0,10.0,5.0,2.5,1.25,0.625,0.3125,0.15625,0.078125,0.0",uM,uM
9052,98,10,NCGC00263117-17,"Panobinostat","HDAC Inhibitor",NCGC00381562-02,"Tazemetostat","EZH2 Inhibitor",0.036966,0.0,"2.0,1.0,0.5,0.25,0.125,0.0625,0.03125,0.015625,0.007812400000000001,0.0","20.0,10.0,5.0,2.5,1.25,0.625,0.3125,0.15625,0.078125,0.0",uM,uM
9052,99,10,NCGC00263117-17,"Panobinostat","HDAC Inhibitor",NCGC00390655-01,"PTC-691","Polycomb Complex Protein BMI-1 Inhibitor",0.032503,0.240451,"2.0,1.0,0.5,0.25,0.125,0.0625,0.03125,0.015625,0.007812400000000001,0.0","2.0,1.0,0.5,0.25,0.125,0.0625,0.03125,0.015625,0.007812400000000001,0.0",uM,uM
9052,100,10,NCGC00263117-17,"Panobinostat","HDAC Inhibitor",NCGC00168784-02,"Gemcitabine","Ribonucleotide reductase Inhibitor",0.036061,0.031634,"2.0,1.0,0.5,0.25,0.125,0.0625,0.03125,0.015625,0.007812400000000001,0.0","1.0,0.5,0.25,0.125,0.0625,0.03125,0.015625,0.007812400000000001,0.0039062000000000003,0.0",uM,uM
9052,102,10,NCGC00263117-17,"Panobinostat","HDAC Inhibitor",NCGC00390645-01,"CPI-360","EZH2 Inhibitor",0.030565,0.228053,"2.0,1.0,0.5,0.25,0.125,0.0625,0.03125,0.015625,0.007812400000000001,0.0","20.0,10.0,5.0,2.5,1.25,0.625,0.3125,0.15625,0.078125,0.0",uM,uM
9052,103,10,NCGC00263117-17,"Panobinostat","HDAC Inhibitor",NCGC00344622-08,"SGC-0946","DOT1L Inhibitor",0.031585,24.064974,"2.0,1.0,0.5,0.25,0.125,0.0625,0.03125,0.015625,0.007812400000000001,0.0","20.0,10.0,5.0,2.5,1.25,0.625,0.3125,0.15625,0.078125,0.0",uM,uM
9052,104,10,NCGC00263117-17,"Panobinostat","HDAC Inhibitor",NCGC00351597-16,"EPZ-5676","DOT1L Inhibitor",0.03735,0.438233,"2.0,1.0,0.5,0.25,0.125,0.0625,0.03125,0.015625,0.007812400000000001,0.0","20.0,10.0,5.0,2.5,1.25,0.625,0.3125,0.15625,0.078125,0.0",uM,uM
9052,105,10,NCGC00263117-17,"Panobinostat","HDAC Inhibitor",NCGC00250412-18,"JQ1","Brd4 Inhibitor",0.039731,0.475528,"2.0,1.0,0.5,0.25,0.125,0.0625,0.03125,0.015625,0.007812400000000001,0.0","2.0,1.0,0.5,0.25,0.125,0.0625,0.03125,0.015625,0.007812400000000001,0.0",uM,uM
9052,106,10,NCGC00014925-10,"Topotecan hydrochloride","DNA Topoisomerase I Inhibitor",NCGC00025060-09,"Methotrexate","Dihydrofolate Reductase (DHFR) Inhibitor",0.036368,268.63126,"2.0,1.0,0.5,0.25,0.125,0.0625,0.03125,0.015625,0.007812400000000001,0.0","20.0,10.0,5.0,2.5,1.25,0.625,0.3125,0.15625,0.078125,0.0",uM,uM
9052,107,10,NCGC00014925-10,"Topotecan hydrochloride","DNA Topoisomerase I Inhibitor",UNC4976,"UNC4976","Unknown",0.043119,3701.4607,"2.0,1.0,0.5,0.25,0.125,0.0625,0.03125,0.015625,0.007812400000000001,0.0","20.0,10.0,5.0,2.5,1.25,0.625,0.3125,0.15625,0.078125,0.0",uM,uM
9052,108,10,NCGC00014925-10,"Topotecan hydrochloride","DNA Topoisomerase I Inhibitor",NCGC00351604-01,"EPZ-005687","EZH2 Inhibitor",0.036674,77.842415,"2.0,1.0,0.5,0.25,0.125,0.0625,0.03125,0.015625,0.007812400000000001,0.0","20.0,10.0,5.0,2.5,1.25,0.625,0.3125,0.15625,0.078125,0.0",uM,uM
9052,109,10,NCGC00014925-10,"Topotecan hydrochloride","DNA Topoisomerase I Inhibitor",NCGC00386436-03,"EPZ-015666","PRMT5 Inhibitor",0.037416,0.0,"2.0,1.0,0.5,0.25,0.125,0.0625,0.03125,0.015625,0.007812400000000001,0.0","20.0,10.0,5.0,2.5,1.25,0.625,0.3125,0.15625,0.078125,0.0",uM,uM
9052,110,10,NCGC00014925-10,"Topotecan hydrochloride","DNA Topoisomerase I Inhibitor",NCGC00480828-02,"ORY-1001","Lysine-Specific Histone Demethylase 1A (KDM1A; LSD1) Inhibitor",0.033868,0.0,"2.0,1.0,0.5,0.25,0.125,0.0625,0.03125,0.015625,0.007812400000000001,0.0","20.0,10.0,5.0,2.5,1.25,0.625,0.3125,0.15625,0.078125,0.0",uM,uM
9052,111,10,NCGC00014925-10,"Topotecan hydrochloride","DNA Topoisomerase I Inhibitor",NCGC00389771-01,"3-Deazaneplanocin A (DZNep) hydrochloride","Unknown",0.031943,7.290216,"2.0,1.0,0.5,0.25,0.125,0.0625,0.03125,0.015625,0.007812400000000001,0.0","20.0,10.0,5.0,2.5,1.25,0.625,0.3125,0.15625,0.078125,0.0",uM,uM
9052,112,10,NCGC00014925-10,"Topotecan hydrochloride","DNA Topoisomerase I Inhibitor",NCGC00507938-02,"EED-226","Polycomb protein EED (PRC2/EED-EZH2 non-catalytic subunit) Inhibitor",0.034422,0.0,"2.0,1.0,0.5,0.25,0.125,0.0625,0.03125,0.015625,0.007812400000000001,0.0","20.0,10.0,5.0,2.5,1.25,0.625,0.3125,0.15625,0.078125,0.0",uM,uM
9052,113,10,NCGC00014925-10,"Topotecan hydrochloride","DNA Topoisomerase I Inhibitor",NCGC00496795-01,"485 Analogue","Unknown",0.030214,0.93938,"2.0,1.0,0.5,0.25,0.125,0.0625,0.03125,0.015625,0.007812400000000001,0.0","20.0,10.0,5.0,2.5,1.25,0.625,0.3125,0.15625,0.078125,0.0",uM,uM
9052,114,10,NCGC00014925-10,"Topotecan hydrochloride","DNA Topoisomerase I Inhibitor",NCGC00090851-14,"5-Azacitidine","DNA Methyltransferase (DNMT) Inhibitor",0.031507,10.22588,"2.0,1.0,0.5,0.25,0.125,0.0625,0.03125,0.015625,0.007812400000000001,0.0","20.0,10.0,5.0,2.5,1.25,0.625,0.3125,0.15625,0.078125,0.0",uM,uM
9052,115,10,NCGC00014925-10,"Topotecan hydrochloride","DNA Topoisomerase I Inhibitor",NCGC00484808-01,"CPI-703","CBP/p300 Inhibitor",0.028909,47.586807,"2.0,1.0,0.5,0.25,0.125,0.0625,0.03125,0.015625,0.007812400000000001,0.0","20.0,10.0,5.0,2.5,1.25,0.625,0.3125,0.15625,0.078125,0.0",uM,uM
9052,116,10,NCGC00014925-10,"Topotecan hydrochloride","DNA Topoisomerase I Inhibitor",NCGC00351477-01,"UNC-1999","EZH1 Inhibitor",0.029493,10.966238,"2.0,1.0,0.5,0.25,0.125,0.0625,0.03125,0.015625,0.007812400000000001,0.0","20.0,10.0,5.0,2.5,1.25,0.625,0.3125,0.15625,0.078125,0.0",uM,uM
9052,117,10,NCGC00014925-10,"Topotecan hydrochloride","DNA Topoisomerase I Inhibitor",NCGC00381562-02,"Tazemetostat","EZH2 Inhibitor",0.046548,48.624565,"2.0,1.0,0.5,0.25,0.125,0.0625,0.03125,0.015625,0.007812400000000001,0.0","20.0,10.0,5.0,2.5,1.25,0.625,0.3125,0.15625,0.078125,0.0",uM,uM
9052,118,10,NCGC00014925-10,"Topotecan hydrochloride","DNA Topoisomerase I Inhibitor",NCGC00390655-01,"PTC-691","Polycomb Complex Protein BMI-1 Inhibitor",0.046932,0.217152,"2.0,1.0,0.5,0.25,0.125,0.0625,0.03125,0.015625,0.007812400000000001,0.0","2.0,1.0,0.5,0.25,0.125,0.0625,0.03125,0.015625,0.007812400000000001,0.0",uM,uM
9052,119,10,NCGC00014925-10,"Topotecan hydrochloride","DNA Topoisomerase I Inhibitor",NCGC00168784-02,"Gemcitabine","Ribonucleotide reductase Inhibitor",0.036555,0.029567,"2.0,1.0,0.5,0.25,0.125,0.0625,0.03125,0.015625,0.007812400000000001,0.0","1.0,0.5,0.25,0.125,0.0625,0.03125,0.015625,0.007812400000000001,0.0039062000000000003,0.0",uM,uM
9052,121,10,NCGC00014925-10,"Topotecan hydrochloride","DNA Topoisomerase I Inhibitor",NCGC00390645-01,"CPI-360","EZH2 Inhibitor",0.029572,0.0,"2.0,1.0,0.5,0.25,0.125,0.0625,0.03125,0.015625,0.007812400000000001,0.0","20.0,10.0,5.0,2.5,1.25,0.625,0.3125,0.15625,0.078125,0.0",uM,uM
9052,122,10,NCGC00014925-10,"Topotecan hydrochloride","DNA Topoisomerase I Inhibitor",NCGC00344622-08,"SGC-0946","DOT1L Inhibitor",0.032519,377.8771,"2.0,1.0,0.5,0.25,0.125,0.0625,0.03125,0.015625,0.007812400000000001,0.0","20.0,10.0,5.0,2.5,1.25,0.625,0.3125,0.15625,0.078125,0.0",uM,uM
9052,123,10,NCGC00014925-10,"Topotecan hydrochloride","DNA Topoisomerase I Inhibitor",NCGC00351597-16,"EPZ-5676","DOT1L Inhibitor",0.034106,0.0,"2.0,1.0,0.5,0.25,0.125,0.0625,0.03125,0.015625,0.007812400000000001,0.0","20.0,10.0,5.0,2.5,1.25,0.625,0.3125,0.15625,0.078125,0.0",uM,uM
9052,124,10,NCGC00014925-10,"Topotecan hydrochloride","DNA Topoisomerase I Inhibitor",NCGC00250412-18,"JQ1","Brd4 Inhibitor",0.035294,0.600645,"2.0,1.0,0.5,0.25,0.125,0.0625,0.03125,0.015625,0.007812400000000001,0.0","2.0,1.0,0.5,0.25,0.125,0.0625,0.03125,0.015625,0.007812400000000001,0.0",uM,uM
9052,125,10,NCGC00024415-36,"Doxorubicin","DNA Topoisomerase II Inhibitor",NCGC00025060-09,"Methotrexate","Dihydrofolate Reductase (DHFR) Inhibitor",0.571447,32.275665,"10.0,5.0,2.5,1.25,0.625,0.3125,0.15625,0.078125,0.0390624,0.0","20.0,10.0,5.0,2.5,1.25,0.625,0.3125,0.15625,0.078125,0.0",uM,uM
9052,126,10,NCGC00024415-36,"Doxorubicin","DNA Topoisomerase II Inhibitor",UNC4976,"UNC4976","Unknown",0.519942,0.002007,"10.0,5.0,2.5,1.25,0.625,0.3125,0.15625,0.078125,0.0390624,0.0","20.0,10.0,5.0,2.5,1.25,0.625,0.3125,0.15625,0.078125,0.0",uM,uM
9052,127,10,NCGC00024415-36,"Doxorubicin","DNA Topoisomerase II Inhibitor",NCGC00351604-01,"EPZ-005687","EZH2 Inhibitor",0.548598,53.816746,"10.0,5.0,2.5,1.25,0.625,0.3125,0.15625,0.078125,0.0390624,0.0","20.0,10.0,5.0,2.5,1.25,0.625,0.3125,0.15625,0.078125,0.0",uM,uM
9052,128,10,NCGC00024415-36,"Doxorubicin","DNA Topoisomerase II Inhibitor",NCGC00386436-03,"EPZ-015666","PRMT5 Inhibitor",0.599374,0.433174,"10.0,5.0,2.5,1.25,0.625,0.3125,0.15625,0.078125,0.0390624,0.0","20.0,10.0,5.0,2.5,1.25,0.625,0.3125,0.15625,0.078125,0.0",uM,uM
9052,129,10,NCGC00024415-36,"Doxorubicin","DNA Topoisomerase II Inhibitor",NCGC00480828-02,"ORY-1001","Lysine-Specific Histone Demethylase 1A (KDM1A; LSD1) Inhibitor",0.601813,0.045527,"10.0,5.0,2.5,1.25,0.625,0.3125,0.15625,0.078125,0.0390624,0.0","20.0,10.0,5.0,2.5,1.25,0.625,0.3125,0.15625,0.078125,0.0",uM,uM
9052,130,10,NCGC00024415-36,"Doxorubicin","DNA Topoisomerase II Inhibitor",NCGC00389771-01,"3-Deazaneplanocin A (DZNep) hydrochloride","Unknown",0.623249,0.787348,"10.0,5.0,2.5,1.25,0.625,0.3125,0.15625,0.078125,0.0390624,0.0","20.0,10.0,5.0,2.5,1.25,0.625,0.3125,0.15625,0.078125,0.0",uM,uM
9052,131,10,NCGC00024415-36,"Doxorubicin","DNA Topoisomerase II Inhibitor",NCGC00507938-02,"EED-226","Polycomb protein EED (PRC2/EED-EZH2 non-catalytic subunit) Inhibitor",0.583122,8.66538,"10.0,5.0,2.5,1.25,0.625,0.3125,0.15625,0.078125,0.0390624,0.0","20.0,10.0,5.0,2.5,1.25,0.625,0.3125,0.15625,0.078125,0.0",uM,uM
9052,132,10,NCGC00024415-36,"Doxorubicin","DNA Topoisomerase II Inhibitor",NCGC00496795-01,"485 Analogue","Unknown",0.629,0.734673,"10.0,5.0,2.5,1.25,0.625,0.3125,0.15625,0.078125,0.0390624,0.0","20.0,10.0,5.0,2.5,1.25,0.625,0.3125,0.15625,0.078125,0.0",uM,uM
9052,133,10,NCGC00024415-36,"Doxorubicin","DNA Topoisomerase II Inhibitor",NCGC00090851-14,"5-Azacitidine","DNA Methyltransferase (DNMT) Inhibitor",0.549827,10.22637,"10.0,5.0,2.5,1.25,0.625,0.3125,0.15625,0.078125,0.0390624,0.0","20.0,10.0,5.0,2.5,1.25,0.625,0.3125,0.15625,0.078125,0.0",uM,uM
9052,134,10,NCGC00024415-36,"Doxorubicin","DNA Topoisomerase II Inhibitor",NCGC00484808-01,"CPI-703","CBP/p300 Inhibitor",0.425823,75.52037,"10.0,5.0,2.5,1.25,0.625,0.3125,0.15625,0.078125,0.0390624,0.0","20.0,10.0,5.0,2.5,1.25,0.625,0.3125,0.15625,0.078125,0.0",uM,uM
9052,135,10,NCGC00024415-36,"Doxorubicin","DNA Topoisomerase II Inhibitor",NCGC00351477-01,"UNC-1999","EZH1 Inhibitor",0.446762,14.143838,"10.0,5.0,2.5,1.25,0.625,0.3125,0.15625,0.078125,0.0390624,0.0","20.0,10.0,5.0,2.5,1.25,0.625,0.3125,0.15625,0.078125,0.0",uM,uM
9052,136,10,NCGC00024415-36,"Doxorubicin","DNA Topoisomerase II Inhibitor",NCGC00381562-02,"Tazemetostat","EZH2 Inhibitor",0.513423,0.0,"10.0,5.0,2.5,1.25,0.625,0.3125,0.15625,0.078125,0.0390624,0.0","20.0,10.0,5.0,2.5,1.25,0.625,0.3125,0.15625,0.078125,0.0",uM,uM
9052,137,10,NCGC00024415-36,"Doxorubicin","DNA Topoisomerase II Inhibitor",NCGC00390655-01,"PTC-691","Polycomb Complex Protein BMI-1 Inhibitor",0.496265,0.242918,"10.0,5.0,2.5,1.25,0.625,0.3125,0.15625,0.078125,0.0390624,0.0","2.0,1.0,0.5,0.25,0.125,0.0625,0.03125,0.015625,0.007812400000000001,0.0",uM,uM
9052,138,10,NCGC00024415-36,"Doxorubicin","DNA Topoisomerase II Inhibitor",NCGC00168784-02,"Gemcitabine","Ribonucleotide reductase Inhibitor",0.591184,0.029761,"10.0,5.0,2.5,1.25,0.625,0.3125,0.15625,0.078125,0.0390624,0.0","1.0,0.5,0.25,0.125,0.0625,0.03125,0.015625,0.007812400000000001,0.0039062000000000003,0.0",uM,uM
9052,140,10,NCGC00024415-36,"Doxorubicin","DNA Topoisomerase II Inhibitor",NCGC00390645-01,"CPI-360","EZH2 Inhibitor",0.567767,10.054382,"10.0,5.0,2.5,1.25,0.625,0.3125,0.15625,0.078125,0.0390624,0.0","20.0,10.0,5.0,2.5,1.25,0.625,0.3125,0.15625,0.078125,0.0",uM,uM
9052,141,10,NCGC00024415-36,"Doxorubicin","DNA Topoisomerase II Inhibitor",NCGC00344622-08,"SGC-0946","DOT1L Inhibitor",0.683154,26.2898,"10.0,5.0,2.5,1.25,0.625,0.3125,0.15625,0.078125,0.0390624,0.0","20.0,10.0,5.0,2.5,1.25,0.625,0.3125,0.15625,0.078125,0.0",uM,uM
9052,142,10,NCGC00024415-36,"Doxorubicin","DNA Topoisomerase II Inhibitor",NCGC00351597-16,"EPZ-5676","DOT1L Inhibitor",0.597538,0.0,"10.0,5.0,2.5,1.25,0.625,0.3125,0.15625,0.078125,0.0390624,0.0","20.0,10.0,5.0,2.5,1.25,0.625,0.3125,0.15625,0.078125,0.0",uM,uM
9052,143,10,NCGC00024415-36,"Doxorubicin","DNA Topoisomerase II Inhibitor",NCGC00250412-18,"JQ1","Brd4 Inhibitor",0.581173,0.561738,"10.0,5.0,2.5,1.25,0.625,0.3125,0.15625,0.078125,0.0390624,0.0","2.0,1.0,0.5,0.25,0.125,0.0625,0.03125,0.015625,0.007812400000000001,0.0",uM,uM
9052,144,10,UNC4976,"UNC4976","Unknown",NCGC00025060-09,"Methotrexate","Dihydrofolate Reductase (DHFR) Inhibitor",30.929447,0.487159,"20.0,10.0,5.0,2.5,1.25,0.625,0.3125,0.15625,0.078125,0.0","20.0,10.0,5.0,2.5,1.25,0.625,0.3125,0.15625,0.078125,0.0",uM,uM
9052,145,10,UNC4976,"UNC4976","Unknown",NCGC00351604-01,"EPZ-005687","EZH2 Inhibitor",44.36323,23.308605,"20.0,10.0,5.0,2.5,1.25,0.625,0.3125,0.15625,0.078125,0.0","20.0,10.0,5.0,2.5,1.25,0.625,0.3125,0.15625,0.078125,0.0",uM,uM
9052,146,10,UNC4976,"UNC4976","Unknown",NCGC00496795-01,"485 Analogue","Unknown",184523.25,1.068424,"20.0,10.0,5.0,2.5,1.25,0.625,0.3125,0.15625,0.078125,0.0","20.0,10.0,5.0,2.5,1.25,0.625,0.3125,0.15625,0.078125,0.0",uM,uM
9052,147,10,UNC4976,"UNC4976","Unknown",NCGC00090851-14,"5-Azacitidine","DNA Methyltransferase (DNMT) Inhibitor",4.011705,10.982176,"20.0,10.0,5.0,2.5,1.25,0.625,0.3125,0.15625,0.078125,0.0","20.0,10.0,5.0,2.5,1.25,0.625,0.3125,0.15625,0.078125,0.0",uM,uM
9052,148,10,UNC4976,"UNC4976","Unknown",NCGC00484808-01,"CPI-703","CBP/p300 Inhibitor",37.638927,31.437372,"20.0,10.0,5.0,2.5,1.25,0.625,0.3125,0.15625,0.078125,0.0","20.0,10.0,5.0,2.5,1.25,0.625,0.3125,0.15625,0.078125,0.0",uM,uM
9052,149,10,UNC4976,"UNC4976","Unknown",NCGC00390655-01,"PTC-691","Polycomb Complex Protein BMI-1 Inhibitor",0.004829,0.231004,"20.0,10.0,5.0,2.5,1.25,0.625,0.3125,0.15625,0.078125,0.0","2.0,1.0,0.5,0.25,0.125,0.0625,0.03125,0.015625,0.007812400000000001,0.0",uM,uM
9052,150,10,UNC4976,"UNC4976","Unknown",NCGC00390645-01,"CPI-360","EZH2 Inhibitor",0.492852,0.0,"20.0,10.0,5.0,2.5,1.25,0.625,0.3125,0.15625,0.078125,0.0","20.0,10.0,5.0,2.5,1.25,0.625,0.3125,0.15625,0.078125,0.0",uM,uM
9052,151,10,UNC4976,"UNC4976","Unknown",NCGC00344622-08,"SGC-0946","DOT1L Inhibitor",0.0,154.02403,"20.0,10.0,5.0,2.5,1.25,0.625,0.3125,0.15625,0.078125,0.0","20.0,10.0,5.0,2.5,1.25,0.625,0.3125,0.15625,0.078125,0.0",uM,uM
9052,152,10,UNC4976,"UNC4976","Unknown",NCGC00250412-18,"JQ1","Brd4 Inhibitor",0.009537,1.349551,"20.0,10.0,5.0,2.5,1.25,0.625,0.3125,0.15625,0.078125,0.0","2.0,1.0,0.5,0.25,0.125,0.0625,0.03125,0.015625,0.007812400000000001,0.0",uM,uM
9052,153,10,NCGC00507938-02,"EED-226","Polycomb protein EED (PRC2/EED-EZH2 non-catalytic subunit) Inhibitor",NCGC00025060-09,"Methotrexate","Dihydrofolate Reductase (DHFR) Inhibitor",73.45915,6.001653,"20.0,10.0,5.0,2.5,1.25,0.625,0.3125,0.15625,0.078125,0.0","20.0,10.0,5.0,2.5,1.25,0.625,0.3125,0.15625,0.078125,0.0",uM,uM
9052,154,10,NCGC00507938-02,"EED-226","Polycomb protein EED (PRC2/EED-EZH2 non-catalytic subunit) Inhibitor",NCGC00351604-01,"EPZ-005687","EZH2 Inhibitor",0.0,10.155119,"20.0,10.0,5.0,2.5,1.25,0.625,0.3125,0.15625,0.078125,0.0","20.0,10.0,5.0,2.5,1.25,0.625,0.3125,0.15625,0.078125,0.0",uM,uM
9052,155,10,NCGC00507938-02,"EED-226","Polycomb protein EED (PRC2/EED-EZH2 non-catalytic subunit) Inhibitor",NCGC00496795-01,"485 Analogue","Unknown",68.7662,0.837937,"20.0,10.0,5.0,2.5,1.25,0.625,0.3125,0.15625,0.078125,0.0","20.0,10.0,5.0,2.5,1.25,0.625,0.3125,0.15625,0.078125,0.0",uM,uM
9052,156,10,NCGC00507938-02,"EED-226","Polycomb protein EED (PRC2/EED-EZH2 non-catalytic subunit) Inhibitor",NCGC00090851-14,"5-Azacitidine","DNA Methyltransferase (DNMT) Inhibitor",0.0,11.094968,"20.0,10.0,5.0,2.5,1.25,0.625,0.3125,0.15625,0.078125,0.0","20.0,10.0,5.0,2.5,1.25,0.625,0.3125,0.15625,0.078125,0.0",uM,uM
9052,157,10,NCGC00507938-02,"EED-226","Polycomb protein EED (PRC2/EED-EZH2 non-catalytic subunit) Inhibitor",NCGC00484808-01,"CPI-703","CBP/p300 Inhibitor",12.32054,25.396334,"20.0,10.0,5.0,2.5,1.25,0.625,0.3125,0.15625,0.078125,0.0","20.0,10.0,5.0,2.5,1.25,0.625,0.3125,0.15625,0.078125,0.0",uM,uM
9052,158,10,NCGC00507938-02,"EED-226","Polycomb protein EED (PRC2/EED-EZH2 non-catalytic subunit) Inhibitor",NCGC00390655-01,"PTC-691","Polycomb Complex Protein BMI-1 Inhibitor",7.580048,0.259164,"20.0,10.0,5.0,2.5,1.25,0.625,0.3125,0.15625,0.078125,0.0","2.0,1.0,0.5,0.25,0.125,0.0625,0.03125,0.015625,0.007812400000000001,0.0",uM,uM
9052,159,10,NCGC00507938-02,"EED-226","Polycomb protein EED (PRC2/EED-EZH2 non-catalytic subunit) Inhibitor",NCGC00390645-01,"CPI-360","EZH2 Inhibitor",8.336136,0.0,"20.0,10.0,5.0,2.5,1.25,0.625,0.3125,0.15625,0.078125,0.0","20.0,10.0,5.0,2.5,1.25,0.625,0.3125,0.15625,0.078125,0.0",uM,uM
9052,160,10,NCGC00507938-02,"EED-226","Polycomb protein EED (PRC2/EED-EZH2 non-catalytic subunit) Inhibitor",NCGC00344622-08,"SGC-0946","DOT1L Inhibitor",4.665347,0.0,"20.0,10.0,5.0,2.5,1.25,0.625,0.3125,0.15625,0.078125,0.0","20.0,10.0,5.0,2.5,1.25,0.625,0.3125,0.15625,0.078125,0.0",uM,uM
9052,161,10,NCGC00507938-02,"EED-226","Polycomb protein EED (PRC2/EED-EZH2 non-catalytic subunit) Inhibitor",NCGC00250412-18,"JQ1","Brd4 Inhibitor",0.005443,0.463522,"20.0,10.0,5.0,2.5,1.25,0.625,0.3125,0.15625,0.078125,0.0","2.0,1.0,0.5,0.25,0.125,0.0625,0.03125,0.015625,0.007812400000000001,0.0",uM,uM
9052,162,10,NCGC00484808-01,"CPI-703","CBP/p300 Inhibitor",NCGC00025060-09,"Methotrexate","Dihydrofolate Reductase (DHFR) Inhibitor",25.611145,0.121296,"20.0,10.0,5.0,2.5,1.25,0.625,0.3125,0.15625,0.078125,0.0","20.0,10.0,5.0,2.5,1.25,0.625,0.3125,0.15625,0.078125,0.0",uM,uM
9052,163,10,NCGC00484808-01,"CPI-703","CBP/p300 Inhibitor",NCGC00351604-01,"EPZ-005687","EZH2 Inhibitor",106.953545,18.697643,"20.0,10.0,5.0,2.5,1.25,0.625,0.3125,0.15625,0.078125,0.0","20.0,10.0,5.0,2.5,1.25,0.625,0.3125,0.15625,0.078125,0.0",uM,uM
9052,164,10,NCGC00484808-01,"CPI-703","CBP/p300 Inhibitor",NCGC00496795-01,"485 Analogue","Unknown",24.93576,0.754633,"20.0,10.0,5.0,2.5,1.25,0.625,0.3125,0.15625,0.078125,0.0","20.0,10.0,5.0,2.5,1.25,0.625,0.3125,0.15625,0.078125,0.0",uM,uM
9052,165,10,NCGC00484808-01,"CPI-703","CBP/p300 Inhibitor",NCGC00090851-14,"5-Azacitidine","DNA Methyltransferase (DNMT) Inhibitor",10.234485,10.777197,"20.0,10.0,5.0,2.5,1.25,0.625,0.3125,0.15625,0.078125,0.0","20.0,10.0,5.0,2.5,1.25,0.625,0.3125,0.15625,0.078125,0.0",uM,uM
9052,166,10,NCGC00484808-01,"CPI-703","CBP/p300 Inhibitor",NCGC00484808-01,"CPI-703","CBP/p300 Inhibitor",18.098955,9.279914,"20.0,10.0,5.0,2.5,1.25,0.625,0.3125,0.15625,0.078125,0.0","20.0,10.0,5.0,2.5,1.25,0.625,0.3125,0.15625,0.078125,0.0",uM,uM
9052,167,10,NCGC00484808-01,"CPI-703","CBP/p300 Inhibitor",NCGC00390655-01,"PTC-691","Polycomb Complex Protein BMI-1 Inhibitor",11.107617,0.230834,"20.0,10.0,5.0,2.5,1.25,0.625,0.3125,0.15625,0.078125,0.0","2.0,1.0,0.5,0.25,0.125,0.0625,0.03125,0.015625,0.007812400000000001,0.0",uM,uM
9052,168,10,NCGC00484808-01,"CPI-703","CBP/p300 Inhibitor",NCGC00390645-01,"CPI-360","EZH2 Inhibitor",8.327112,1.397883,"20.0,10.0,5.0,2.5,1.25,0.625,0.3125,0.15625,0.078125,0.0","20.0,10.0,5.0,2.5,1.25,0.625,0.3125,0.15625,0.078125,0.0",uM,uM
9052,169,10,NCGC00484808-01,"CPI-703","CBP/p300 Inhibitor",NCGC00344622-08,"SGC-0946","DOT1L Inhibitor",31.771582,28.54537,"20.0,10.0,5.0,2.5,1.25,0.625,0.3125,0.15625,0.078125,0.0","20.0,10.0,5.0,2.5,1.25,0.625,0.3125,0.15625,0.078125,0.0",uM,uM
9052,170,10,NCGC00484808-01,"CPI-703","CBP/p300 Inhibitor",NCGC00250412-18,"JQ1","Brd4 Inhibitor",4.974793,0.872285,"20.0,10.0,5.0,2.5,1.25,0.625,0.3125,0.15625,0.078125,0.0","2.0,1.0,0.5,0.25,0.125,0.0625,0.03125,0.015625,0.007812400000000001,0.0",uM,uM
9052,171,10,NCGC00390655-01,"PTC-691","Polycomb Complex Protein BMI-1 Inhibitor",NCGC00025060-09,"Methotrexate","Dihydrofolate Reductase (DHFR) Inhibitor",0.253674,0.0,"2.0,1.0,0.5,0.25,0.125,0.0625,0.03125,0.015625,0.007812400000000001,0.0","20.0,10.0,5.0,2.5,1.25,0.625,0.3125,0.15625,0.078125,0.0",uM,uM
9052,172,10,NCGC00390655-01,"PTC-691","Polycomb Complex Protein BMI-1 Inhibitor",NCGC00351604-01,"EPZ-005687","EZH2 Inhibitor",0.251651,22.095833,"2.0,1.0,0.5,0.25,0.125,0.0625,0.03125,0.015625,0.007812400000000001,0.0","20.0,10.0,5.0,2.5,1.25,0.625,0.3125,0.15625,0.078125,0.0",uM,uM
9052,173,10,NCGC00390655-01,"PTC-691","Polycomb Complex Protein BMI-1 Inhibitor",NCGC00496795-01,"485 Analogue","Unknown",0.228539,0.841267,"2.0,1.0,0.5,0.25,0.125,0.0625,0.03125,0.015625,0.007812400000000001,0.0","20.0,10.0,5.0,2.5,1.25,0.625,0.3125,0.15625,0.078125,0.0",uM,uM
9052,174,10,NCGC00390655-01,"PTC-691","Polycomb Complex Protein BMI-1 Inhibitor",NCGC00090851-14,"5-Azacitidine","DNA Methyltransferase (DNMT) Inhibitor",0.237567,18.175047,"2.0,1.0,0.5,0.25,0.125,0.0625,0.03125,0.015625,0.007812400000000001,0.0","20.0,10.0,5.0,2.5,1.25,0.625,0.3125,0.15625,0.078125,0.0",uM,uM
9052,175,10,NCGC00390655-01,"PTC-691","Polycomb Complex Protein BMI-1 Inhibitor",NCGC00484808-01,"CPI-703","CBP/p300 Inhibitor",0.232598,8.890117,"2.0,1.0,0.5,0.25,0.125,0.0625,0.03125,0.015625,0.007812400000000001,0.0","20.0,10.0,5.0,2.5,1.25,0.625,0.3125,0.15625,0.078125,0.0",uM,uM
9052,176,10,NCGC00390655-01,"PTC-691","Polycomb Complex Protein BMI-1 Inhibitor",NCGC00390655-01,"PTC-691","Polycomb Complex Protein BMI-1 Inhibitor",0.171235,0.220097,"2.0,1.0,0.5,0.25,0.125,0.0625,0.03125,0.015625,0.007812400000000001,0.0","2.0,1.0,0.5,0.25,0.125,0.0625,0.03125,0.015625,0.007812400000000001,0.0",uM,uM
9052,177,10,NCGC00390655-01,"PTC-691","Polycomb Complex Protein BMI-1 Inhibitor",NCGC00390645-01,"CPI-360","EZH2 Inhibitor",0.228824,0.0,"2.0,1.0,0.5,0.25,0.125,0.0625,0.03125,0.015625,0.007812400000000001,0.0","20.0,10.0,5.0,2.5,1.25,0.625,0.3125,0.15625,0.078125,0.0",uM,uM
9052,178,10,NCGC00390655-01,"PTC-691","Polycomb Complex Protein BMI-1 Inhibitor",NCGC00344622-08,"SGC-0946","DOT1L Inhibitor",0.242266,34.7608,"2.0,1.0,0.5,0.25,0.125,0.0625,0.03125,0.015625,0.007812400000000001,0.0","20.0,10.0,5.0,2.5,1.25,0.625,0.3125,0.15625,0.078125,0.0",uM,uM
9052,179,10,NCGC00390655-01,"PTC-691","Polycomb Complex Protein BMI-1 Inhibitor",NCGC00250412-18,"JQ1","Brd4 Inhibitor",0.238433,0.527531,"2.0,1.0,0.5,0.25,0.125,0.0625,0.03125,0.015625,0.007812400000000001,0.0","2.0,1.0,0.5,0.25,0.125,0.0625,0.03125,0.015625,0.007812400000000001,0.0",uM,uM
9052,180,10,NCGC00351604-01,"EPZ-005687","EZH2 Inhibitor",NCGC00025060-09,"Methotrexate","Dihydrofolate Reductase (DHFR) Inhibitor",19.026615,9.573372,"20.0,10.0,5.0,2.5,1.25,0.625,0.3125,0.15625,0.078125,0.0","20.0,10.0,5.0,2.5,1.25,0.625,0.3125,0.15625,0.078125,0.0",uM,uM
9052,181,10,NCGC00351604-01,"EPZ-005687","EZH2 Inhibitor",NCGC00351604-01,"EPZ-005687","EZH2 Inhibitor",36.320667,21.481527,"20.0,10.0,5.0,2.5,1.25,0.625,0.3125,0.15625,0.078125,0.0","20.0,10.0,5.0,2.5,1.25,0.625,0.3125,0.15625,0.078125,0.0",uM,uM
9052,182,10,NCGC00351604-01,"EPZ-005687","EZH2 Inhibitor",NCGC00496795-01,"485 Analogue","Unknown",10.140824,1.111015,"20.0,10.0,5.0,2.5,1.25,0.625,0.3125,0.15625,0.078125,0.0","20.0,10.0,5.0,2.5,1.25,0.625,0.3125,0.15625,0.078125,0.0",uM,uM
9052,183,10,NCGC00351604-01,"EPZ-005687","EZH2 Inhibitor",NCGC00090851-14,"5-Azacitidine","DNA Methyltransferase (DNMT) Inhibitor",106.03061,13.543838,"20.0,10.0,5.0,2.5,1.25,0.625,0.3125,0.15625,0.078125,0.0","20.0,10.0,5.0,2.5,1.25,0.625,0.3125,0.15625,0.078125,0.0",uM,uM
9052,184,10,NCGC00351604-01,"EPZ-005687","EZH2 Inhibitor",NCGC00484808-01,"CPI-703","CBP/p300 Inhibitor",26.271427,27.563189,"20.0,10.0,5.0,2.5,1.25,0.625,0.3125,0.15625,0.078125,0.0","20.0,10.0,5.0,2.5,1.25,0.625,0.3125,0.15625,0.078125,0.0",uM,uM
9052,185,10,NCGC00351604-01,"EPZ-005687","EZH2 Inhibitor",NCGC00390655-01,"PTC-691","Polycomb Complex Protein BMI-1 Inhibitor",26.871296,0.241184,"20.0,10.0,5.0,2.5,1.25,0.625,0.3125,0.15625,0.078125,0.0","2.0,1.0,0.5,0.25,0.125,0.0625,0.03125,0.015625,0.007812400000000001,0.0",uM,uM
9052,186,10,NCGC00351604-01,"EPZ-005687","EZH2 Inhibitor",NCGC00390645-01,"CPI-360","EZH2 Inhibitor",24.920885,4029.264,"20.0,10.0,5.0,2.5,1.25,0.625,0.3125,0.15625,0.078125,0.0","20.0,10.0,5.0,2.5,1.25,0.625,0.3125,0.15625,0.078125,0.0",uM,uM
9052,187,10,NCGC00351604-01,"EPZ-005687","EZH2 Inhibitor",NCGC00344622-08,"SGC-0946","DOT1L Inhibitor",23.249975,30.512615,"20.0,10.0,5.0,2.5,1.25,0.625,0.3125,0.15625,0.078125,0.0","20.0,10.0,5.0,2.5,1.25,0.625,0.3125,0.15625,0.078125,0.0",uM,uM
9052,188,10,NCGC00351604-01,"EPZ-005687","EZH2 Inhibitor",NCGC00250412-18,"JQ1","Brd4 Inhibitor",5.224235,0.342084,"20.0,10.0,5.0,2.5,1.25,0.625,0.3125,0.15625,0.078125,0.0","2.0,1.0,0.5,0.25,0.125,0.0625,0.03125,0.015625,0.007812400000000001,0.0",uM,uM
9052,189,10,NCGC00025060-09,"Methotrexate","Dihydrofolate Reductase (DHFR) Inhibitor",NCGC00090851-14,"5-Azacitidine","DNA Methyltransferase (DNMT) Inhibitor",0.0,10.25212,"20.0,10.0,5.0,2.5,1.25,0.625,0.3125,0.15625,0.078125,0.0","20.0,10.0,5.0,2.5,1.25,0.625,0.3125,0.15625,0.078125,0.0",uM,uM
9052,190,10,NCGC00344622-08,"SGC-0946","DOT1L Inhibitor",NCGC00390645-01,"CPI-360","EZH2 Inhibitor",-9999.0,0.005463,"20.0,10.0,5.0,2.5,1.25,0.625,0.3125,0.15625,0.078125,0.0","20.0,10.0,5.0,2.5,1.25,0.625,0.3125,0.15625,0.078125,0.0",uM,uM
9052,191,10,NCGC00344622-08,"SGC-0946","DOT1L Inhibitor",NCGC00250412-18,"JQ1","Brd4 Inhibitor",10.431772,0.674934,"20.0,10.0,5.0,2.5,1.25,0.625,0.3125,0.15625,0.078125,0.0","2.0,1.0,0.5,0.25,0.125,0.0625,0.03125,0.015625,0.007812400000000001,0.0",uM,uM
9052,192,10,NCGC00496795-01,"485 Analogue","Unknown",NCGC00250412-18,"JQ1","Brd4 Inhibitor",1.177262,0.547079,"20.0,10.0,5.0,2.5,1.25,0.625,0.3125,0.15625,0.078125,0.0","2.0,1.0,0.5,0.25,0.125,0.0625,0.03125,0.015625,0.007812400000000001,0.0",uM,uM
